zip,er_visits,year,quarter,air_quality,asbestos,covid,electrical,food,garbage,homelessness,medical,mold,mosquitoes,rodent,safety,sewer,smoking,water_plumbing,felonies,misdemeanors,violations
10001,NULL,2022,1,9,7,39,5,172,213,98,5,1,0,15,23,20,0,276,493,711,134
10001,NULL,2022,2,14,0,1,2,235,177,146,2,1,1,59,19,21,1,147,590,751,156
10001,NULL,2022,3,7,2,1,10,70,193,157,5,1,1,50,12,25,5,172,713,821,178
10001,NULL,2022,4,14,1,0,5,71,186,90,8,2,0,22,20,16,3,304,426,666,113
10002,105,2022,1,12,1,30,12,62,441,71,6,0,0,56,43,34,9,1431,510,1147,249
10002,95,2022,2,21,1,0,22,61,317,112,12,0,0,81,44,25,7,332,576,1220,275
10002,75,2022,3,25,7,0,43,53,374,161,10,1,0,78,53,17,8,286,687,1117,235
10002,148,2022,4,22,4,0,13,58,336,179,9,0,0,61,52,24,18,644,317,608,171
10003,24,2022,1,26,0,42,37,47,544,124,9,0,0,36,46,22,24,842,387,664,84
10003,31,2022,2,32,3,0,26,67,387,155,6,1,0,84,38,27,11,403,463,895,120
10003,20,2022,3,24,11,0,20,97,583,243,10,0,1,104,43,20,8,293,404,852,101
10003,34,2022,4,15,5,0,13,86,452,122,16,1,0,94,38,19,6,773,250,503,71
10004,NULL,2022,1,1,0,12,4,11,15,18,0,0,0,1,2,1,1,13,23,43,15
10004,NULL,2022,2,1,0,0,6,14,16,28,1,0,0,2,5,3,0,18,24,51,21
10004,NULL,2022,3,2,1,0,5,32,18,59,0,0,0,6,0,1,0,14,40,51,14
10004,NULL,2022,4,2,0,0,8,15,34,27,1,1,0,8,6,2,0,30,26,43,9
10005,NULL,2022,1,2,0,14,11,4,27,18,1,0,0,3,11,0,0,19,111,210,52
10005,NULL,2022,2,1,0,0,2,13,19,45,1,0,0,5,3,2,2,11,101,281,38
10005,NULL,2022,3,0,0,0,3,9,42,45,1,1,0,3,5,1,0,16,67,176,23
10005,NULL,2022,4,0,0,0,2,6,17,29,0,0,0,5,3,1,0,12,24,114,12
10006,NULL,2022,1,1,0,2,0,5,18,2,1,0,0,1,2,2,1,39,18,46,2
10006,NULL,2022,2,2,0,0,0,12,9,7,0,0,0,13,1,2,3,16,14,42,5
10006,NULL,2022,3,0,2,0,1,5,11,21,0,1,0,5,4,9,0,7,25,25,2
10006,NULL,2022,4,0,1,0,1,5,5,3,0,0,0,1,3,3,1,38,14,22,6
10007,NULL,2022,1,2,1,13,5,30,62,17,6,0,0,5,5,4,0,44,21,194,14
10007,NULL,2022,2,4,0,0,4,24,27,43,3,1,0,7,2,9,0,26,39,246,15
10007,NULL,2022,3,2,0,0,0,45,36,43,1,0,0,7,5,5,0,30,36,217,11
10007,NULL,2022,4,6,0,0,0,54,31,26,0,2,0,8,3,2,0,49,19,148,11
10009,99,2022,1,27,0,29,42,21,494,57,9,0,0,77,42,16,5,1014,333,584,125
10009,118,2022,2,27,5,0,28,43,333,149,14,0,0,127,41,20,9,398,343,704,165
10009,79,2022,3,18,1,0,29,54,456,136,14,0,0,98,60,29,8,352,387,645,155
10009,112,2022,4,14,1,0,32,26,335,133,7,0,1,72,50,6,12,900,212,353,93
10010,10,2022,1,10,3,17,13,27,204,61,1,0,0,25,12,13,3,288,179,249,60
10010,18,2022,2,18,4,0,5,15,149,97,4,0,1,25,22,15,2,223,193,239,56
10010,8,2022,3,14,11,0,7,26,186,124,6,1,0,23,14,12,4,145,149,201,60
10010,26,2022,4,3,4,0,9,27,124,98,3,0,0,21,11,9,4,211,69,124,34
10011,30,2022,1,20,3,30,27,31,557,66,15,0,0,64,61,17,82,555,301,360,92
10011,39,2022,2,52,0,0,9,59,412,178,7,0,1,67,24,25,81,289,394,484,128
10011,30,2022,3,13,2,0,30,67,474,260,7,0,0,95,43,15,80,244,374,444,116
10011,34,2022,4,50,2,0,8,96,467,157,16,8,0,62,26,10,77,445,242,274,76
10012,NULL,2022,1,11,3,30,10,59,380,39,6,0,0,25,18,8,0,349,218,264,39
10012,NULL,2022,2,24,0,0,10,49,287,46,1,2,0,49,18,26,6,149,297,298,59
10012,NULL,2022,3,18,0,0,17,46,294,69,3,1,0,47,20,15,0,115,312,361,44
10012,NULL,2022,4,17,3,0,13,43,379,40,5,1,0,32,21,11,1,382,217,258,39
10013,15,2022,1,8,1,23,16,44,354,100,6,0,0,26,29,21,3,318,252,308,76
10013,25,2022,2,18,5,0,5,49,210,186,9,2,0,37,15,19,2,154,244,320,49
10013,13,2022,3,20,4,0,9,53,291,222,4,1,0,46,19,19,1,146,270,308,49
10013,14,2022,4,14,1,0,16,60,239,130,6,0,0,23,25,19,1,352,156,214,26
10014,7,2022,1,12,2,35,12,39,481,23,6,0,0,65,25,9,0,410,315,376,83
10014,7,2022,2,16,5,0,21,59,286,77,4,0,1,86,28,26,3,296,431,528,97
10014,7,2022,3,16,3,0,11,89,337,145,0,0,1,87,19,18,3,172,481,550,96
10014,6,2022,4,17,2,0,13,51,335,89,5,1,0,75,19,21,2,410,197,311,54
10016,45,2022,1,11,0,32,20,45,336,98,7,0,0,20,34,18,2,490,260,414,88
10016,43,2022,2,17,6,0,24,66,265,171,10,0,0,57,29,13,5,352,325,466,100
10016,63,2022,3,11,8,0,18,63,339,265,6,0,0,49,44,15,2,200,299,505,122
10016,62,2022,4,15,1,0,18,52,250,218,7,2,0,32,24,10,8,504,230,289,64
10017,NULL,2022,1,8,3,17,6,26,101,35,2,0,0,7,7,7,4,134,117,111,49
10017,NULL,2022,2,12,2,0,0,17,84,97,2,0,0,8,13,18,2,62,142,163,42
10017,NULL,2022,3,6,0,0,6,35,93,122,1,1,0,11,9,8,2,64,136,160,47
10017,NULL,2022,4,9,1,0,6,28,87,68,8,0,0,8,5,5,1,236,70,99,31
10018,NULL,2022,1,5,0,28,5,28,90,34,4,0,0,14,11,8,4,232,364,449,91
10018,NULL,2022,2,4,3,0,8,48,112,109,1,0,0,12,6,10,2,118,463,454,102
10018,NULL,2022,3,5,0,0,8,49,171,309,6,2,0,13,4,6,2,95,339,378,63
10018,NULL,2022,4,4,2,0,2,33,160,146,4,0,0,6,5,8,4,155,263,248,40
10019,34,2022,1,19,2,64,23,57,361,133,4,1,0,46,35,15,9,606,415,713,164
10019,47,2022,2,18,7,0,23,107,238,350,4,0,0,57,26,28,4,324,539,923,196
10019,26,2022,3,20,3,0,30,121,359,481,3,2,0,49,35,21,4,255,549,881,187
10019,48,2022,4,25,6,0,39,131,319,299,18,2,0,45,43,23,12,1007,325,592,115
10020,NULL,2022,1,0,0,0,0,0,1,1,0,0,0,0,0,3,0,6,4,4,0
10020,NULL,2022,2,0,0,0,0,0,2,0,0,0,0,0,0,1,0,2,6,11,2
10020,NULL,2022,3,0,0,0,0,10,1,0,0,0,0,0,0,1,0,1,9,2,0
10020,NULL,2022,4,2,0,0,1,10,2,1,0,0,0,0,0,1,0,2,10,3,1
10021,14,2022,1,24,10,10,7,13,223,27,8,0,0,46,25,10,0,340,105,246,41
10021,9,2022,2,19,2,0,6,31,136,60,5,0,0,59,9,13,3,146,145,288,49
10021,11,2022,3,10,1,0,15,40,219,98,1,0,0,96,30,11,6,149,163,295,57
10021,21,2022,4,25,3,0,53,39,204,70,4,0,0,44,64,14,2,506,92,198,24
10022,8,2022,1,24,5,38,7,25,197,54,6,1,0,13,29,14,3,244,210,261,64
10022,9,2022,2,15,2,0,12,38,142,75,6,2,0,24,14,16,3,133,221,250,74
10022,5,2022,3,6,2,0,9,46,157,100,2,1,1,20,19,18,1,119,248,310,55
10022,7,2022,4,18,1,0,7,60,123,79,2,1,0,14,17,15,0,266,181,165,40
10023,36,2022,1,24,1,14,22,37,393,145,6,0,0,45,48,16,4,416,159,231,86
10023,32,2022,2,27,2,0,19,54,205,281,4,0,2,66,20,20,9,209,196,328,88
10023,30,2022,3,29,2,0,12,67,234,504,6,1,0,99,32,8,5,193,257,281,82
10023,34,2022,4,48,0,0,19,45,210,204,9,0,0,47,45,22,8,483,126,162,61
10024,19,2022,1,28,6,40,24,29,588,82,11,0,1,202,47,23,5,764,187,251,59
10024,22,2022,2,59,2,0,18,44,329,71,7,0,5,191,37,13,3,306,223,318,81
10024,26,2022,3,31,6,0,26,77,365,137,8,0,4,182,39,22,4,278,198,231,66
10024,24,2022,4,15,3,0,27,48,292,101,6,1,0,93,46,11,4,1094,103,98,33
10025,82,2022,1,31,6,30,51,38,801,91,6,0,0,246,70,20,11,1712,324,683,141
10025,107,2022,2,97,11,0,39,52,600,110,10,2,1,353,64,24,19,668,365,617,173
10025,63,2022,3,42,6,0,101,38,621,177,6,0,0,406,86,26,5,529,367,724,188
10025,111,2022,4,62,10,0,114,35,581,106,12,0,0,228,88,12,17,1712,205,428,115
10026,147,2022,1,3,0,7,43,21,517,33,4,0,0,161,40,12,1,1524,169,255,76
10026,159,2022,2,10,1,0,47,34,459,30,2,0,0,228,45,10,9,677,205,294,75
10026,157,2022,3,18,1,0,55,26,618,38,1,0,1,173,30,14,18,363,246,360,81
10026,191,2022,4,21,0,0,66,26,520,27,4,0,0,127,57,14,27,1413,163,208,39
10027,203,2022,1,16,4,11,92,24,668,21,4,0,0,159,48,17,4,1953,434,750,205
10027,242,2022,2,26,4,0,66,35,507,62,3,0,1,177,58,33,7,627,443,743,224
10027,188,2022,3,19,2,0,58,33,648,62,2,1,5,226,58,50,1,605,438,651,178
10027,207,2022,4,19,0,0,81,21,505,48,8,0,0,120,65,10,10,1888,281,464,135
10028,36,2022,1,24,2,80,16,20,370,36,7,2,0,46,37,4,4,385,130,292,30
10028,34,2022,2,19,5,0,11,36,194,49,22,1,0,141,18,7,5,163,173,318,42
10028,40,2022,3,24,5,0,14,36,217,81,9,0,0,111,28,12,5,114,168,351,40
10028,35,2022,4,21,5,0,9,63,196,57,7,0,0,56,35,8,10,395,79,248,24
10029,390,2022,1,8,2,9,62,14,418,34,8,1,0,102,39,17,8,1363,411,706,315
10029,401,2022,2,23,6,0,43,27,312,78,3,0,0,133,44,32,39,547,550,885,325
10029,312,2022,3,21,3,0,44,26,408,112,2,0,0,120,38,18,7,605,506,773,295
10029,394,2022,4,10,6,0,56,43,367,64,1,0,0,90,43,22,7,1300,274,509,193
10030,404,2022,1,2,1,4,57,42,389,7,3,0,0,70,28,8,3,1393,214,333,125
10030,531,2022,2,3,1,0,37,30,348,18,4,3,1,87,28,39,5,514,270,395,120
10030,443,2022,3,6,4,0,68,14,478,9,1,0,2,70,56,48,5,436,187,339,116
10030,570,2022,4,5,6,0,72,8,433,15,2,1,0,78,36,6,11,1482,109,211,66
10031,123,2022,1,10,1,13,101,25,583,24,10,0,0,113,55,7,145,2672,282,574,161
10031,130,2022,2,20,3,0,81,39,465,54,8,0,0,138,74,22,125,1133,340,697,173
10031,109,2022,3,17,6,0,146,27,722,44,9,0,1,159,54,37,47,1206,314,655,175
10031,116,2022,4,19,4,0,118,14,633,16,2,1,0,98,58,11,15,2950,190,308,129
10032,124,2022,1,22,4,2,133,13,556,17,1,0,0,67,72,7,5,2753,247,432,106
10032,120,2022,2,15,8,0,102,19,437,24,2,0,0,59,45,10,4,1065,267,463,155
10032,112,2022,3,13,5,0,145,19,563,31,4,1,1,61,46,13,5,914,246,394,151
10032,111,2022,4,11,2,0,115,6,474,12,6,0,0,63,41,14,9,2913,156,296,87
10033,61,2022,1,11,2,7,84,12,468,10,4,1,0,208,68,11,12,2408,288,629,121
10033,72,2022,2,3,2,0,65,16,323,26,2,0,0,122,39,16,21,794,289,586,123
10033,66,2022,3,10,3,0,107,16,435,40,2,0,0,85,71,18,16,947,267,596,108
10033,81,2022,4,10,2,0,71,15,403,30,3,0,0,87,43,8,25,2172,152,337,74
10034,51,2022,1,16,0,5,51,8,304,15,42,0,0,53,27,5,10,2125,199,305,76
10034,79,2022,2,9,0,0,38,28,288,26,2,0,0,77,21,11,8,713,188,277,89
10034,56,2022,3,10,2,0,47,17,347,17,29,4,0,80,27,14,4,1065,233,359,111
10034,49,2022,4,11,1,1,57,8,273,13,4,0,0,59,37,14,13,1794,184,249,77
10035,172,2022,1,2,2,11,53,13,418,15,2,1,0,195,30,24,6,1151,668,1107,228
10035,170,2022,2,2,0,0,39,17,317,61,4,0,0,266,29,11,2,501,720,1266,285
10035,135,2022,3,11,0,1,61,9,366,94,4,0,0,294,44,26,3,366,770,1317,247
10035,168,2022,4,15,0,0,42,11,349,39,1,0,0,253,27,11,7,901,446,764,172
10036,128,2022,1,1580,4,44,31,48,322,91,8,1,0,38,32,8,6,506,385,459,126
10036,102,2022,2,854,8,0,32,52,324,394,5,2,0,52,28,32,3,235,467,637,157
10036,98,2022,3,849,3,0,33,59,290,695,7,1,0,77,23,31,15,269,547,789,159
10036,91,2022,4,864,3,0,22,128,357,368,9,0,0,30,27,11,25,616,365,466,106
10037,NULL,2022,1,1,0,1,21,2,257,9,0,0,0,18,15,7,6,835,210,249,91
10037,NULL,2022,2,1,1,0,16,8,169,16,3,0,0,15,13,3,4,277,219,238,85
10037,NULL,2022,3,1,4,0,27,12,194,35,3,0,0,42,11,16,0,177,214,299,108
10037,NULL,2022,4,4,0,0,23,8,233,17,2,0,0,37,20,10,3,663,156,196,64
10038,76,2022,1,5,1,10,29,43,174,52,2,1,0,13,58,5,2,253,70,184,41
10038,53,2022,2,6,0,0,5,43,78,155,4,1,0,20,8,9,3,74,80,167,36
10038,55,2022,3,2,2,0,3,36,92,83,2,0,0,27,21,13,0,80,92,243,52
10038,51,2022,4,5,0,0,7,56,93,124,6,0,0,20,10,1,2,158,47,222,23
10039,NULL,2022,1,9,4,7,67,14,375,4,1,0,0,42,33,3,8,1352,178,221,133
10039,NULL,2022,2,5,5,0,59,11,470,14,0,0,0,36,26,6,6,465,177,256,133
10039,NULL,2022,3,4,2,0,48,15,594,17,2,0,3,59,50,5,1,376,188,233,131
10039,NULL,2022,4,5,6,0,51,10,482,10,1,0,0,42,31,5,5,1222,124,173,79
10040,47,2022,1,14,2,6,90,18,295,9,2,0,0,57,40,4,2,2020,198,270,70
10040,74,2022,2,8,8,0,45,10,249,20,8,0,0,85,40,4,12,752,210,302,103
10040,43,2022,3,4,0,0,78,11,303,22,1,2,1,57,46,14,8,861,204,290,102
10040,55,2022,4,14,1,0,72,3,351,11,4,1,0,33,34,12,12,1573,120,211,72
10041,NULL,2022,2,0,0,0,0,0,1,0,0,0,0,0,0,1,0,0,NULL,NULL,NULL
10041,NULL,2022,3,0,0,0,0,0,1,2,0,0,0,1,0,0,0,0,NULL,NULL,NULL
10041,NULL,2022,4,0,0,0,0,0,0,0,0,0,0,0,0,0,0,1,NULL,NULL,NULL
10044,NULL,2022,1,1,0,1,1,1,4,1,0,0,0,0,2,0,2,30,10,23,5
10044,NULL,2022,2,0,0,0,1,1,9,4,1,0,0,0,0,0,5,11,20,25,15
10044,NULL,2022,3,0,1,0,2,0,6,2,0,0,0,1,3,0,3,12,15,27,8
10044,NULL,2022,4,2,0,0,6,1,18,0,0,0,0,0,3,0,2,52,6,18,12
10045,NULL,2022,2,1,0,0,0,0,1,1,0,0,0,0,0,0,0,0,1,1,1
10045,NULL,2022,3,0,0,0,0,0,0,3,0,0,0,0,0,0,0,0,0,1,0
10045,NULL,2022,4,0,0,0,0,0,0,1,0,0,0,0,0,0,0,0,0,1,0
10048,NULL,2022,3,0,0,1,0,1,0,0,0,0,0,0,0,1,0,0,12,58,1
10055,NULL,2022,1,1,0,0,0,0,0,0,0,0,0,0,0,0,0,0,0,2,0
10065,22,2022,1,15,8,14,12,17,215,64,7,2,0,18,14,4,2,328,156,222,64
10065,17,2022,2,8,1,0,12,26,170,65,6,2,0,34,14,20,0,175,185,186,49
10065,27,2022,3,8,3,0,6,24,171,82,3,0,0,36,19,20,3,103,157,138,44
10065,20,2022,4,15,2,0,12,22,184,92,5,1,0,21,21,13,4,270,107,84,35
10069,NULL,2022,1,1,0,1,0,2,22,0,0,0,0,0,2,0,1,15,25,17,14
10069,NULL,2022,2,0,0,0,0,1,6,0,0,0,0,6,0,2,0,8,26,14,15
10069,NULL,2022,3,0,0,0,0,0,4,4,0,0,0,3,3,1,0,7,26,23,3
10069,NULL,2022,4,0,0,0,0,3,10,0,1,1,0,0,4,0,0,16,11,25,9
10075,NULL,2022,1,7,5,4,5,11,166,8,5,0,0,19,18,7,2,230,45,123,18
10075,NULL,2022,2,9,3,0,8,17,91,28,4,1,0,42,8,9,0,96,57,89,21
10075,NULL,2022,3,6,1,0,7,11,96,44,0,0,0,58,14,4,0,57,59,97,21
10075,NULL,2022,4,13,1,0,12,19,87,24,9,1,0,23,12,7,1,265,29,43,6
10103,NULL,2022,1,0,0,0,0,0,0,6,0,0,0,0,0,0,0,3,NULL,NULL,NULL
10103,NULL,2022,2,0,0,0,0,0,0,3,0,0,0,0,0,0,0,0,NULL,NULL,NULL
10103,NULL,2022,3,0,0,0,0,4,1,6,0,0,0,0,0,0,0,0,NULL,NULL,NULL
10103,NULL,2022,4,0,0,0,0,8,0,3,0,0,0,0,0,0,0,0,NULL,NULL,NULL
10105,NULL,2022,1,0,0,0,0,0,0,0,0,0,0,0,0,0,0,1,1,1,4
10105,NULL,2022,2,0,0,0,0,0,0,11,0,0,0,0,0,0,0,0,2,2,1
10105,NULL,2022,3,0,0,0,0,0,1,86,0,0,0,0,0,0,0,0,1,1,5
10105,NULL,2022,4,1,0,0,0,0,0,7,0,0,0,0,0,0,0,0,1,1,1
10107,NULL,2022,1,0,0,0,0,0,0,1,0,0,0,0,0,0,0,0,5,9,4
10107,NULL,2022,2,0,0,0,0,0,1,0,0,0,0,0,0,0,0,0,11,4,8
10107,NULL,2022,3,0,0,0,0,0,0,3,0,0,0,0,0,0,0,0,10,11,9
10110,NULL,2022,1,0,0,0,0,0,0,1,0,0,0,0,0,0,0,1,NULL,NULL,NULL
10110,NULL,2022,2,0,0,0,0,1,0,0,0,0,0,0,0,0,0,0,NULL,NULL,NULL
10110,NULL,2022,4,0,0,0,0,0,0,1,0,0,0,0,0,0,0,0,NULL,NULL,NULL
10111,NULL,2022,4,0,0,0,0,1,0,0,0,0,0,0,0,0,0,0,111,70,3
10112,NULL,2022,1,0,0,0,0,1,0,0,0,0,0,0,0,0,0,0,2,0,1
10112,NULL,2022,3,0,0,0,0,1,0,0,0,0,0,0,0,1,0,0,3,4,1
10112,NULL,2022,4,0,0,0,0,0,0,1,0,0,0,0,0,0,0,0,5,0,0
10115,NULL,2022,3,0,0,0,0,0,0,0,0,0,0,0,0,1,0,0,42,47,20
10115,NULL,2022,4,0,0,0,0,0,0,0,0,0,0,0,0,0,0,1,24,22,14
10118,NULL,2022,1,0,0,2,0,0,0,0,0,0,0,0,0,0,0,0,NULL,NULL,NULL
10118,NULL,2022,2,0,0,0,0,0,0,0,0,0,0,0,0,0,0,1,NULL,NULL,NULL
10118,NULL,2022,3,0,0,0,0,0,0,0,0,0,0,0,0,0,0,1,NULL,NULL,NULL
10118,NULL,2022,4,0,0,0,0,0,0,0,0,0,0,0,0,0,0,1,NULL,NULL,NULL
10119,NULL,2022,1,0,0,1,0,0,0,1,0,0,0,0,0,0,0,0,8,23,1
10119,NULL,2022,2,0,0,0,0,0,1,2,0,0,0,0,0,0,0,0,21,16,6
10119,NULL,2022,3,0,0,0,0,0,0,1,0,0,0,0,0,0,0,0,20,29,6
10119,NULL,2022,4,0,0,0,0,2,0,1,0,0,0,0,0,0,0,1,27,32,3
10120,NULL,2022,2,0,0,0,0,0,0,0,0,0,0,0,0,0,0,4,20,63,8
10121,NULL,2022,1,0,0,0,0,0,0,1,0,0,0,0,0,0,0,0,NULL,NULL,NULL
10121,NULL,2022,2,0,0,0,0,1,0,1,0,0,0,0,0,0,0,0,NULL,NULL,NULL
10121,NULL,2022,3,0,0,0,0,1,0,0,0,0,0,0,0,0,0,1,NULL,NULL,NULL
10121,NULL,2022,4,0,0,0,0,2,0,3,0,0,0,0,0,0,0,1,NULL,NULL,NULL
10123,NULL,2022,2,0,0,0,0,0,0,1,0,0,0,0,0,0,0,0,NULL,NULL,NULL
10123,NULL,2022,3,0,0,0,0,1,0,1,0,0,0,0,0,0,0,0,NULL,NULL,NULL
10128,41,2022,1,24,3,24,21,12,356,22,2,0,0,67,56,5,14,446,131,234,62
10128,39,2022,2,20,4,0,16,33,200,64,6,0,0,88,29,16,36,210,171,331,67
10128,43,2022,3,20,9,0,12,16,212,136,3,0,0,60,26,15,31,180,187,343,67
10128,54,2022,4,40,3,0,20,19,230,77,11,1,1,56,27,16,11,609,101,181,39
10151,NULL,2022,3,0,0,0,0,4,0,0,0,0,0,0,0,0,0,0,NULL,NULL,NULL
10151,NULL,2022,4,0,0,0,0,2,0,0,0,0,0,0,0,0,0,0,NULL,NULL,NULL
10153,NULL,2022,3,0,0,0,0,10,0,0,0,0,0,0,0,0,0,0,13,11,2
10153,NULL,2022,4,0,0,0,0,6,0,0,0,0,0,0,0,0,0,0,4,6,0
10154,NULL,2022,2,0,0,0,0,0,0,0,0,0,0,0,0,0,0,1,NULL,NULL,NULL
10154,NULL,2022,3,0,0,0,0,0,0,1,0,0,0,0,0,0,0,0,1,0,0
10155,NULL,2022,1,0,0,0,0,0,0,1,0,0,0,0,0,0,0,0,0,4,1
10155,NULL,2022,2,0,0,0,0,0,0,0,0,0,0,0,0,0,1,0,4,1,0
10158,NULL,2022,1,0,0,2,0,1,0,0,0,0,0,0,0,0,0,0,2,0,3
10158,NULL,2022,3,0,0,0,0,0,0,0,0,0,0,0,0,1,0,0,3,2,1
10162,NULL,2022,1,0,0,0,0,0,1,1,0,0,0,0,0,0,0,1,3,0,0
10162,NULL,2022,2,0,0,0,0,0,0,0,0,0,0,1,0,0,0,3,1,3,0
10162,NULL,2022,3,0,0,0,0,0,0,1,0,0,0,1,2,0,0,0,NULL,NULL,NULL
10162,NULL,2022,4,0,0,0,0,0,1,0,0,0,0,1,1,0,0,0,0,1,1
10165,NULL,2022,1,0,0,0,0,0,0,4,0,0,0,0,0,0,0,0,NULL,NULL,NULL
10165,NULL,2022,2,0,0,0,0,1,0,2,0,0,0,0,0,0,0,0,NULL,NULL,NULL
10166,NULL,2022,4,0,0,0,0,0,0,1,0,0,0,0,0,0,0,0,NULL,NULL,NULL
10167,NULL,2022,1,0,0,0,0,0,1,0,0,0,0,0,0,0,0,1,NULL,NULL,NULL
10168,NULL,2022,1,0,0,1,0,1,1,0,0,0,0,0,0,0,0,0,NULL,NULL,NULL
10168,NULL,2022,3,0,0,0,0,2,1,17,0,0,0,0,0,0,0,0,NULL,NULL,NULL
10168,NULL,2022,4,0,0,0,0,0,0,6,0,0,0,0,0,0,0,0,NULL,NULL,NULL
10169,NULL,2022,1,0,0,0,0,0,4,21,1,0,0,0,0,6,0,1,NULL,NULL,NULL
10169,NULL,2022,2,0,0,0,0,1,0,109,0,0,0,0,0,2,0,0,NULL,NULL,NULL
10169,NULL,2022,3,0,0,0,0,0,1,69,0,0,0,0,0,2,0,2,NULL,NULL,NULL
10169,NULL,2022,4,0,0,0,0,0,0,58,0,0,0,0,0,0,0,0,NULL,NULL,NULL
10170,NULL,2022,2,0,0,0,0,0,0,1,0,0,0,0,0,0,0,0,NULL,NULL,NULL
10170,NULL,2022,3,0,0,0,0,0,0,2,0,0,0,0,0,0,0,0,NULL,NULL,NULL
10170,NULL,2022,4,0,0,0,0,0,0,0,0,0,0,0,0,0,1,0,NULL,NULL,NULL
10171,NULL,2022,3,0,0,0,0,0,0,1,0,0,0,0,0,0,0,0,NULL,NULL,NULL
10171,NULL,2022,4,0,0,0,0,0,0,4,0,0,0,0,0,0,0,0,NULL,NULL,NULL
10172,NULL,2022,3,0,0,0,0,0,0,0,0,0,0,0,0,0,0,1,NULL,NULL,NULL
10172,NULL,2022,4,0,0,0,0,0,0,0,0,0,0,0,0,0,0,1,NULL,NULL,NULL
10173,NULL,2022,1,0,0,0,0,0,0,2,0,0,0,0,0,0,0,1,NULL,NULL,NULL
10173,NULL,2022,2,0,0,0,0,0,0,9,0,0,0,0,0,0,0,0,NULL,NULL,NULL
10173,NULL,2022,3,0,0,0,0,0,0,0,0,0,0,0,0,0,0,1,NULL,NULL,NULL
10174,NULL,2022,1,0,0,0,0,0,0,0,0,0,0,0,0,0,0,1,NULL,NULL,NULL
10174,NULL,2022,3,0,0,0,0,0,0,11,0,0,0,0,0,0,0,0,1,0,0
10174,NULL,2022,4,0,0,0,0,0,1,2,0,0,0,0,0,0,0,0,NULL,NULL,NULL
10176,NULL,2022,1,0,0,0,0,0,1,0,0,0,0,0,0,0,0,0,NULL,NULL,NULL
10176,NULL,2022,4,0,0,0,0,0,1,0,0,0,0,0,0,0,0,0,NULL,NULL,NULL
10177,NULL,2022,3,0,0,0,0,0,0,3,0,0,0,0,0,0,0,1,NULL,NULL,NULL
10177,NULL,2022,4,0,0,0,0,0,0,3,0,0,0,0,0,0,0,0,NULL,NULL,NULL
10178,NULL,2022,1,0,0,1,0,0,0,0,0,0,0,0,0,0,0,0,8,4,2
10178,NULL,2022,3,0,0,0,0,0,1,0,0,0,0,0,0,0,0,1,12,1,1
10178,NULL,2022,4,0,0,0,0,0,1,0,0,0,0,0,0,0,0,1,4,2,1
10179,NULL,2022,1,0,0,0,0,0,0,0,0,0,0,0,1,0,0,0,NULL,NULL,NULL
10271,0,2022,2,0,0,0,0,1,0,1,0,0,0,0,0,1,0,0,NULL,NULL,NULL
10271,0,2022,4,0,0,0,0,0,0,1,0,0,0,0,0,0,0,1,NULL,NULL,NULL
10278,0,2022,1,0,0,0,0,0,0,1,0,0,0,0,0,0,0,0,1,3,5
10278,0,2022,2,0,0,0,0,1,0,1,1,0,0,0,0,0,0,0,1,7,10
10278,0,2022,3,0,0,0,0,0,1,1,0,0,0,0,0,0,0,0,4,9,4
10279,0,2022,1,0,0,0,0,0,0,0,1,0,0,0,0,0,0,0,7,13,3
10279,0,2022,3,0,0,0,0,1,0,1,0,0,0,0,0,0,0,0,15,26,3
10280,NULL,2022,1,0,0,1,0,2,10,0,0,0,0,0,2,0,1,3,10,10,8
10280,NULL,2022,2,1,0,0,0,0,4,1,0,0,0,0,0,0,0,3,16,8,2
10280,NULL,2022,3,0,0,0,0,2,12,6,0,0,0,0,1,0,0,6,13,26,7
10280,NULL,2022,4,1,0,0,0,1,9,3,0,0,0,0,3,0,0,2,7,5,5
10281,NULL,2022,1,0,0,1,0,4,0,0,0,0,0,0,0,2,0,0,9,4,1
10281,NULL,2022,2,0,0,0,0,2,0,1,0,0,0,0,0,0,0,0,13,26,0
10281,NULL,2022,3,0,0,0,0,2,0,0,0,1,0,0,1,0,0,0,9,26,4
10281,NULL,2022,4,0,0,0,0,1,0,0,0,0,0,0,0,0,0,1,5,14,0
10282,NULL,2022,1,0,0,2,0,1,6,2,0,0,0,0,2,0,0,4,8,14,3
10282,NULL,2022,2,3,0,0,0,0,4,1,0,0,0,0,0,1,0,3,10,17,2
10282,NULL,2022,3,2,2,0,0,0,3,0,0,0,1,0,0,1,0,9,11,37,7
10282,NULL,2022,4,11,0,0,0,4,3,0,3,0,0,0,1,0,0,20,7,16,4
10301,287,2022,1,7,1,7,42,7,817,11,4,0,0,25,27,62,2,631,156,285,130
10301,285,2022,2,10,1,0,24,13,490,7,1,0,1,46,27,66,9,319,198,415,192
10301,269,2022,3,8,0,0,28,19,619,11,3,0,0,49,27,68,1,337,240,465,169
10301,299,2022,4,13,0,0,45,9,629,6,3,0,0,22,22,65,8,691,246,449,165
10302,435,2022,1,3,3,9,15,21,334,4,1,0,0,9,11,36,1,182,115,260,80
10302,456,2022,2,12,0,0,15,11,285,2,3,0,0,26,7,44,0,149,117,295,84
10302,437,2022,3,3,3,0,18,13,301,11,0,0,0,21,15,42,0,149,93,254,77
10302,464,2022,4,3,2,0,21,6,286,1,2,0,0,11,7,51,1,249,95,233,83
10303,NULL,2022,1,20,1,2,16,3,503,0,1,0,0,17,12,65,0,290,117,166,90
10303,NULL,2022,2,11,1,0,6,4,405,6,0,1,0,30,15,55,0,224,126,205,120
10303,NULL,2022,3,3,1,0,23,6,370,1,1,0,2,25,12,40,1,266,120,265,120
10303,NULL,2022,4,4,4,0,27,3,373,3,2,0,0,14,17,63,0,286,102,239,103
10304,170,2022,1,4,1,6,40,15,825,2,3,0,0,24,24,80,1,569,144,260,163
10304,174,2022,2,11,1,0,31,10,541,9,2,1,0,34,27,98,1,352,178,292,144
10304,141,2022,3,8,0,0,45,10,700,3,7,0,1,43,24,64,1,382,219,388,196
10304,179,2022,4,7,5,0,46,3,650,0,3,1,0,21,17,65,0,619,190,370,177
10305,44,2022,1,3,0,6,15,9,707,4,1,0,0,22,7,101,3,308,93,167,89
10305,55,2022,2,2,0,1,14,4,457,8,2,0,2,38,18,146,3,212,116,190,93
10305,52,2022,3,5,0,0,26,13,540,6,0,0,2,78,18,81,0,203,120,282,99
10305,60,2022,4,4,2,0,18,7,556,7,2,0,0,18,12,79,3,333,125,276,87
10306,38,2022,1,10,2,17,18,11,1452,10,4,2,0,22,22,181,1,568,146,288,88
10306,45,2022,2,14,0,0,14,13,898,8,1,1,18,44,13,285,2,381,118,341,118
10306,30,2022,3,20,3,0,24,17,984,21,4,1,1,66,27,148,1,325,142,336,125
10306,64,2022,4,13,2,0,23,13,1039,7,7,2,0,27,14,172,1,427,153,332,97
10307,NULL,2022,1,1,0,16,3,2,336,0,1,0,0,3,11,12,0,111,41,95,21
10307,NULL,2022,2,1,0,0,5,2,232,3,1,0,0,6,1,27,0,88,42,85,35
10307,NULL,2022,3,2,0,0,5,4,214,7,1,1,3,3,1,30,0,110,29,50,15
10307,NULL,2022,4,0,0,0,7,0,226,6,0,0,0,1,5,18,1,95,40,88,24
10308,NULL,2022,1,2,0,9,5,5,772,0,6,0,0,13,2,50,1,141,31,63,42
10308,NULL,2022,2,2,1,0,8,15,388,2,5,0,1,49,7,79,0,120,42,59,56
10308,NULL,2022,3,3,0,0,9,11,498,2,2,1,1,33,12,81,2,139,41,100,34
10308,NULL,2022,4,2,0,0,15,6,437,0,5,0,0,15,13,55,0,172,38,57,36
10309,36,2022,1,1,1,25,6,5,1152,1,0,0,0,9,15,60,1,190,60,111,38
10309,31,2022,2,4,0,0,9,7,699,2,2,1,3,8,23,67,0,194,79,116,69
10309,36,2022,3,4,0,0,16,12,663,4,2,1,1,16,32,56,1,163,89,158,70
10309,35,2022,4,2,0,0,23,9,693,9,1,0,0,8,47,43,0,228,77,202,65
10310,NULL,2022,1,8,2,6,17,1,503,2,2,1,0,30,19,55,0,221,91,153,89
10310,NULL,2022,2,5,1,0,22,6,312,1,2,1,0,38,13,66,0,151,72,141,68
10310,NULL,2022,3,8,1,0,17,3,372,6,1,0,1,34,16,50,1,196,109,209,77
10310,NULL,2022,4,1,0,0,15,4,308,2,3,0,0,11,17,50,0,212,99,158,67
10312,52,2022,1,3,0,16,13,8,1716,0,4,1,0,17,8,117,0,392,79,144,73
10312,59,2022,2,2,2,0,8,12,1097,6,6,0,4,71,6,180,0,336,94,188,89
10312,35,2022,3,7,0,0,17,4,1201,5,4,0,1,64,14,154,0,468,100,247,72
10312,43,2022,4,2,0,0,23,4,1265,19,4,1,0,20,13,121,3,394,121,209,78
10314,99,2022,1,14,4,42,15,24,1837,5,2,2,0,15,29,158,2,426,233,432,153
10314,108,2022,2,9,4,0,12,32,1190,12,5,2,2,53,23,209,5,345,207,500,192
10314,106,2022,3,11,4,0,32,19,1205,7,3,2,2,51,31,166,1,444,218,460,162
10314,118,2022,4,18,2,0,44,29,1355,15,1,2,0,20,30,202,2,528,203,439,166
10451,229,2022,1,10,2,5,65,19,483,21,0,1,0,79,54,26,19,2299,477,715,221
10451,328,2022,2,7,3,0,70,17,408,74,1,0,1,62,37,39,8,712,530,760,238
10451,249,2022,3,3,4,0,93,29,560,141,6,1,0,82,57,50,3,745,580,828,199
10451,303,2022,4,10,3,0,67,29,455,60,3,0,0,67,40,22,5,1838,625,932,209
10452,164,2022,1,22,7,12,198,27,979,4,4,0,0,79,107,23,10,4305,614,737,304
10452,206,2022,2,23,0,0,162,23,1312,16,3,0,1,133,109,25,5,2088,681,892,276
10452,194,2022,3,7,2,0,228,13,1342,13,2,2,2,128,70,44,5,2936,636,832,220
10452,245,2022,4,25,2,0,182,16,1377,4,2,0,0,78,63,12,19,4414,504,739,207
10453,198,2022,1,8,2,2,181,13,670,5,0,0,0,108,85,31,10,3685,387,647,298
10453,255,2022,2,8,7,0,127,22,658,2,2,0,0,71,76,31,12,1190,422,726,316
10453,203,2022,3,8,6,0,184,19,818,9,1,1,0,87,58,59,9,1684,450,767,265
10453,308,2022,4,4,1,0,130,16,807,9,1,0,0,78,75,30,12,3351,417,636,228
10454,189,2022,1,5,0,11,49,16,353,8,1,0,0,70,28,13,5,1043,439,605,190
10454,260,2022,2,2,1,0,57,11,424,20,2,0,0,69,44,35,8,484,481,635,170
10454,197,2022,3,6,1,0,62,13,427,9,3,0,0,38,37,26,1,556,403,606,165
10454,259,2022,4,4,0,0,40,7,260,5,1,0,0,34,30,22,1,1060,374,651,183
10455,131,2022,1,0,0,7,66,10,430,1,1,1,0,63,36,10,5,1377,281,408,164
10455,186,2022,2,6,3,0,47,14,325,12,1,0,0,79,28,18,3,565,357,628,182
10455,170,2022,3,0,0,0,82,28,470,16,3,1,0,59,49,34,1,594,431,652,165
10455,187,2022,4,2,2,0,75,33,399,16,0,0,0,43,21,33,9,1352,389,618,183
10456,369,2022,1,1,4,9,190,22,978,7,1,0,0,115,113,35,2,3137,545,716,357
10456,402,2022,2,4,0,0,132,29,832,11,0,2,0,152,90,39,12,1295,684,802,412
10456,296,2022,3,3,5,0,213,18,1074,15,0,1,0,117,95,80,6,1326,727,861,333
10456,427,2022,4,4,3,0,177,8,878,19,0,1,0,119,96,35,24,3118,622,768,319
10457,384,2022,1,3,1,7,170,18,1130,8,3,0,0,89,108,29,19,5584,565,785,304
10457,398,2022,2,5,4,0,149,18,829,16,0,0,1,109,68,53,5,2303,593,897,305
10457,343,2022,3,9,1,0,179,23,986,25,7,0,0,112,61,68,11,1372,571,963,278
10457,491,2022,4,9,3,0,162,11,975,14,3,2,0,87,56,21,20,3562,519,1070,286
10458,211,2022,1,5,4,9,175,11,995,17,3,0,0,115,132,35,9,5020,432,519,218
10458,241,2022,2,4,3,0,165,31,890,29,4,1,0,122,95,30,11,1695,490,670,229
10458,190,2022,3,10,9,0,222,28,1087,30,6,4,2,121,79,45,4,1660,539,713,220
10458,351,2022,4,11,5,0,230,22,925,12,3,0,0,109,62,19,8,4238,467,739,226
10459,124,2022,1,6,0,5,107,14,563,5,2,1,0,68,74,36,7,2294,409,606,232
10459,163,2022,2,9,4,0,79,16,491,6,0,1,2,77,56,27,6,785,394,627,268
10459,144,2022,3,9,1,0,112,15,627,7,1,0,6,88,28,40,2,714,411,565,252
10459,188,2022,4,3,1,0,95,9,562,11,4,0,0,79,41,17,7,2007,434,534,227
10460,213,2022,1,9,0,0,125,13,770,3,1,1,0,53,81,24,10,2296,425,620,248
10460,225,2022,2,2,2,0,110,12,640,17,1,0,0,94,76,39,7,883,499,624,309
10460,222,2022,3,7,5,0,131,20,729,9,3,0,2,81,50,59,8,1040,548,735,263
10460,316,2022,4,2,4,0,116,9,678,4,4,1,0,73,65,39,26,2341,492,664,280
10461,66,2022,1,9,1,19,73,14,606,8,2,1,0,17,40,53,4,1073,293,409,129
10461,109,2022,2,15,2,0,41,21,430,9,2,0,1,44,25,70,1,501,300,513,171
10461,92,2022,3,12,1,0,66,20,537,28,1,0,5,42,30,180,2,424,303,479,154
10461,106,2022,4,11,1,0,74,11,408,17,1,2,0,43,30,41,1,1308,353,445,166
10462,118,2022,1,7,2,5,73,24,596,4,4,1,0,50,72,44,3,3556,300,327,155
10462,145,2022,2,20,7,0,57,31,428,7,4,0,1,83,38,51,5,1186,292,402,166
10462,118,2022,3,26,4,0,66,28,665,4,0,0,1,84,44,117,0,863,391,457,176
10462,176,2022,4,6,5,0,57,24,499,3,7,0,0,88,38,42,4,4340,419,500,162
10463,107,2022,1,17,6,15,99,15,526,28,9,0,0,64,52,26,9,2619,373,632,179
10463,138,2022,2,16,6,0,44,12,416,18,8,0,0,121,32,52,3,872,377,701,206
10463,125,2022,3,24,1,0,64,26,544,15,17,0,3,124,48,62,1,802,358,655,207
10463,99,2022,4,2,4,0,62,14,375,9,6,2,0,66,35,32,11,2005,330,576,163
10464,3,2022,1,1,0,3,0,1,56,0,1,0,0,0,1,25,1,43,16,10,4
10464,3,2022,2,0,0,0,0,1,38,0,0,0,0,9,6,28,2,39,17,13,6
10464,3,2022,3,2,0,0,0,10,72,0,1,0,3,43,2,19,1,102,21,14,14
10464,16,2022,4,0,0,0,0,1,53,1,0,0,0,4,0,6,0,49,18,15,6
10465,45,2022,1,2,0,10,31,7,630,1,1,1,0,9,14,91,0,351,177,299,82
10465,60,2022,2,4,0,0,12,12,285,0,4,0,1,23,10,121,0,241,171,339,129
10465,47,2022,3,6,2,0,16,17,376,3,2,1,0,34,15,273,2,230,173,310,126
10465,63,2022,4,5,0,0,18,17,278,0,2,0,2,42,10,65,0,349,159,303,81
10466,190,2022,1,6,2,6,88,16,787,4,5,1,0,28,41,70,8,1723,392,650,232
10466,269,2022,2,6,0,0,66,12,599,6,3,0,0,61,49,204,7,682,449,588,265
10466,264,2022,3,10,3,0,87,14,771,8,1,0,1,50,49,255,2,753,376,573,286
10466,345,2022,4,2,3,0,55,10,665,18,2,0,0,43,45,101,6,1531,348,456,262
10467,287,2022,1,47,2,3,208,18,939,18,0,1,0,132,92,51,19,4479,402,548,273
10467,307,2022,2,26,3,0,156,22,953,12,4,0,0,144,104,53,7,1477,456,645,309
10467,356,2022,3,12,4,0,201,23,1245,34,1,0,0,141,98,119,4,1458,544,651,300
10467,415,2022,4,15,1,0,203,21,927,27,4,0,0,117,105,70,10,3960,563,694,286
10468,135,2022,1,9,3,8,121,16,835,19,2,0,0,82,57,21,5,4199,330,546,151
10468,132,2022,2,3,1,0,95,17,842,59,5,1,0,105,70,20,5,1299,422,581,213
10468,179,2022,3,5,2,0,224,24,964,83,4,1,0,100,71,39,6,1286,467,614,188
10468,197,2022,4,7,4,0,156,22,930,32,4,0,0,78,77,15,8,3957,416,631,188
10469,151,2022,1,1,1,7,72,17,753,1,2,0,0,30,43,80,1,1193,298,410,160
10469,175,2022,2,12,1,0,40,21,522,3,1,0,0,44,24,127,0,615,283,478,198
10469,169,2022,3,8,0,0,91,24,674,9,1,0,5,63,29,245,3,672,324,531,212
10469,182,2022,4,3,0,0,90,10,555,7,1,0,0,48,17,105,2,1585,337,443,181
10470,NULL,2022,1,1,1,2,11,4,203,0,0,0,0,26,10,16,3,615,284,756,97
10470,NULL,2022,2,6,0,0,22,3,209,2,2,0,0,50,15,26,0,207,277,645,102
10470,NULL,2022,3,1,0,0,36,2,216,12,0,0,0,39,23,34,0,159,241,515,68
10470,NULL,2022,4,1,0,0,33,2,173,8,2,0,0,17,6,24,0,510,195,279,82
10471,NULL,2022,1,4,2,9,5,4,182,6,2,0,0,40,14,18,0,328,90,91,26
10471,NULL,2022,2,2,0,0,5,3,147,12,3,0,0,38,10,33,0,154,90,124,34
10471,NULL,2022,3,3,1,0,6,6,150,10,0,1,0,9,10,51,0,146,98,126,48
10471,NULL,2022,4,8,0,0,8,3,143,2,3,0,0,20,13,14,1,393,115,112,36
10472,144,2022,1,13,3,4,108,11,577,4,5,0,0,82,70,56,6,2095,371,466,206
10472,168,2022,2,10,1,0,78,27,514,4,1,0,0,124,48,56,2,912,465,598,212
10472,121,2022,3,2,2,0,114,15,659,12,0,0,0,119,49,130,12,840,570,606,240
10472,186,2022,4,4,2,0,96,12,516,5,4,0,0,74,51,37,15,2147,486,586,217
10473,137,2022,1,5,2,1,31,8,338,7,0,0,0,18,22,42,13,906,410,531,208
10473,167,2022,2,8,0,0,34,13,229,9,0,0,2,22,22,47,14,301,402,580,225
10473,143,2022,3,16,0,0,49,12,350,5,1,1,3,46,23,103,6,486,375,544,226
10473,187,2022,4,2,1,0,53,11,284,5,3,0,0,29,16,45,17,1099,407,543,201
10474,NULL,2022,1,2,1,7,26,5,175,5,2,1,0,28,9,21,0,398,160,156,61
10474,NULL,2022,2,6,1,0,14,4,141,3,0,0,0,41,17,20,0,254,208,230,81
10474,NULL,2022,3,4,1,0,40,4,189,6,1,0,0,29,15,28,1,316,232,245,73
10474,NULL,2022,4,1,0,0,33,1,153,0,0,0,0,9,10,14,0,572,211,215,65
10475,38,2022,1,4,1,12,10,10,134,2,0,2,0,5,7,9,0,123,118,191,66
10475,51,2022,2,3,3,0,7,16,163,4,0,0,0,7,5,34,0,97,120,212,73
10475,61,2022,3,1,1,0,10,21,144,0,0,0,1,8,9,24,1,76,167,202,73
10475,68,2022,4,0,2,0,17,4,116,0,0,0,0,3,3,5,0,113,154,255,80
11001,NULL,2022,1,0,0,0,0,0,63,0,0,0,0,2,1,6,0,8,30,28,8
11001,NULL,2022,2,0,0,0,0,0,16,0,0,0,0,4,3,12,0,11,24,26,7
11001,NULL,2022,3,0,0,0,0,0,30,0,0,0,1,3,0,7,0,9,35,38,11
11001,NULL,2022,4,1,0,0,0,0,26,1,0,0,0,0,2,6,0,12,30,33,17
11004,NULL,2022,1,0,0,1,2,1,99,0,1,0,0,3,4,31,0,28,19,35,9
11004,NULL,2022,2,2,0,0,1,4,49,0,0,0,1,8,0,51,0,30,24,40,18
11004,NULL,2022,3,3,0,0,0,9,51,0,2,0,2,3,7,33,1,37,29,54,21
11004,NULL,2022,4,2,0,0,0,6,52,0,2,0,0,1,2,33,1,46,23,32,19
11005,NULL,2022,1,0,0,0,0,0,0,0,0,0,0,0,2,0,0,1,2,2,0
11005,NULL,2022,2,0,0,0,0,0,5,0,0,0,0,0,1,0,0,0,0,1,0
11005,NULL,2022,3,0,0,0,0,0,3,0,0,0,0,0,0,0,0,1,1,3,1
11005,NULL,2022,4,0,0,0,0,0,0,0,0,0,0,0,1,0,0,1,1,0,2
11026,NULL,2022,2,0,0,0,0,0,1,0,0,0,0,0,0,0,0,0,NULL,NULL,NULL
11040,22,2022,1,0,0,0,0,0,30,0,0,0,0,1,1,6,0,5,20,22,4
11040,14,2022,2,2,0,0,0,1,12,0,0,0,0,0,0,7,0,7,11,22,12
11040,13,2022,3,0,0,0,1,0,9,0,0,0,0,1,0,5,0,5,18,25,15
11040,29,2022,4,0,0,0,0,2,11,0,0,0,0,0,0,7,0,3,11,18,13
11101,75,2022,1,19,2,26,12,30,400,25,7,1,0,27,42,55,2,452,379,575,239
11101,76,2022,2,32,1,0,17,43,302,38,12,1,0,76,21,56,1,395,428,640,233
11101,80,2022,3,11,0,0,29,47,491,79,12,6,1,73,36,64,3,265,404,678,210
11101,67,2022,4,16,1,0,15,53,305,18,13,2,0,28,31,51,20,401,350,542,180
11102,31,2022,1,9,3,9,17,6,522,11,6,0,0,48,42,16,4,557,102,144,67
11102,28,2022,2,15,2,0,12,8,194,12,6,0,1,70,23,23,13,172,101,166,91
11102,31,2022,3,16,2,0,14,11,225,14,3,0,3,75,32,51,4,176,133,198,66
11102,41,2022,4,11,0,0,9,8,189,7,8,0,0,37,27,32,1,446,120,139,65
11103,11,2022,1,5,1,19,27,26,663,13,6,0,0,36,21,21,11,525,212,412,88
11103,25,2022,2,8,1,0,16,52,216,29,4,0,0,60,17,37,10,220,256,459,113
11103,13,2022,3,17,0,0,36,41,319,25,2,0,4,74,27,66,21,181,177,412,91
11103,16,2022,4,11,2,0,38,22,253,11,5,0,0,42,27,18,28,506,154,299,74
11104,NULL,2022,1,7,3,9,23,19,261,4,7,0,0,43,35,20,2,789,60,97,31
11104,NULL,2022,2,8,2,0,29,8,139,11,4,0,1,31,26,18,10,296,70,98,50
11104,NULL,2022,3,6,1,0,23,9,194,39,2,0,0,71,24,40,12,131,70,127,51
11104,NULL,2022,4,5,0,0,23,8,213,31,2,0,0,22,10,17,5,747,73,128,50
11105,20,2022,1,12,1,27,20,14,684,10,2,0,0,43,26,37,6,447,71,137,74
11105,22,2022,2,18,0,0,17,19,272,15,3,0,0,62,30,44,1,277,108,136,70
11105,20,2022,3,37,0,0,25,29,293,18,3,0,4,108,25,58,1,165,104,181,63
11105,33,2022,4,6,2,0,25,23,312,10,2,0,0,104,27,43,24,408,97,152,58
11106,32,2022,1,8,4,19,26,18,481,7,2,0,0,13,38,21,4,801,119,229,93
11106,52,2022,2,16,3,0,16,31,330,38,8,0,0,102,23,22,3,634,119,281,93
11106,35,2022,3,13,0,0,18,27,354,60,5,1,0,97,30,28,0,181,159,288,91
11106,41,2022,4,4,1,0,11,12,262,30,11,0,0,23,16,12,8,868,155,249,85
11109,NULL,2022,1,0,0,2,0,2,1,0,0,0,0,1,3,0,0,2,12,19,11
11109,NULL,2022,2,3,0,0,0,7,3,0,0,0,0,0,2,0,1,2,22,12,10
11109,NULL,2022,3,1,0,0,0,5,1,5,0,0,0,0,1,1,1,0,21,28,16
11109,NULL,2022,4,0,0,0,0,9,0,2,0,0,0,1,0,0,0,6,25,21,8
11201,78,2022,1,21,7,35,14,42,659,70,21,1,0,55,56,38,27,480,361,689,173
11201,105,2022,2,38,6,0,15,71,421,121,17,2,2,91,51,28,10,857,410,782,202
11201,91,2022,3,36,9,0,18,76,469,195,13,2,1,137,43,63,3,274,374,899,219
11201,122,2022,4,21,0,0,19,90,368,69,18,0,0,57,44,38,2,419,311,754,192
11203,182,2022,1,14,5,4,104,23,969,8,6,0,0,77,52,123,7,1805,342,385,222
11203,235,2022,2,9,0,0,99,17,760,17,6,0,0,103,33,93,4,763,403,460,282
11203,227,2022,3,5,0,0,175,30,1022,22,6,0,1,110,58,123,0,607,432,594,258
11203,219,2022,4,7,4,0,111,15,824,27,5,2,0,108,58,128,10,1899,374,514,259
11204,26,2022,1,5,0,9,32,15,954,2,12,0,0,37,33,44,6,905,141,259,86
11204,24,2022,2,4,4,0,26,12,610,9,10,0,0,58,18,80,5,466,146,307,94
11204,19,2022,3,5,3,0,33,23,603,9,11,1,2,43,35,59,7,417,188,359,109
11204,29,2022,4,2,0,0,24,15,574,5,10,1,0,34,27,85,2,883,159,328,87
11205,93,2022,1,13,1,10,23,16,682,11,12,0,0,64,54,31,2,412,176,269,125
11205,102,2022,2,18,4,0,29,13,431,29,22,2,1,101,30,54,6,299,190,377,129
11205,118,2022,3,21,4,0,25,18,458,33,6,1,1,123,40,37,2,207,218,324,81
11205,125,2022,4,24,0,0,26,15,346,19,18,1,0,72,24,24,4,484,165,287,118
11206,294,2022,1,20,1,15,45,13,822,24,12,3,0,78,56,49,5,1236,409,752,253
11206,301,2022,2,12,5,0,32,35,529,20,8,0,0,146,34,53,9,509,541,813,301
11206,268,2022,3,23,8,0,60,27,772,27,12,5,0,136,51,68,4,636,502,777,275
11206,369,2022,4,28,6,0,53,42,497,22,10,1,0,103,52,55,11,1194,420,723,274
11207,292,2022,1,8,2,13,140,26,1357,16,9,0,0,99,87,96,29,1953,679,881,362
11207,397,2022,2,13,0,0,100,32,1107,29,11,1,1,192,73,90,29,1089,674,1077,437
11207,381,2022,3,22,7,0,177,31,1462,36,8,1,1,178,72,116,42,1132,927,1251,480
11207,353,2022,4,15,4,0,194,24,1163,15,7,1,0,108,74,82,19,1993,782,1092,472
11208,252,2022,1,3,5,10,96,26,1114,15,3,0,0,73,73,84,2,1494,757,1019,302
11208,335,2022,2,19,3,0,107,32,783,16,3,0,4,115,50,117,1,1125,772,1116,311
11208,217,2022,3,12,4,0,122,29,1108,27,5,0,2,107,56,105,1,1268,638,855,322
11208,259,2022,4,7,1,0,114,26,954,9,8,0,0,93,50,97,4,1986,617,801,333
11209,37,2022,1,14,2,33,33,28,1111,26,3,0,0,57,49,53,31,1545,143,519,108
11209,41,2022,2,20,11,0,37,47,468,81,7,0,1,97,29,61,16,911,157,396,84
11209,21,2022,3,17,4,0,40,42,580,66,10,0,2,119,71,147,16,565,211,473,118
11209,45,2022,4,17,5,0,41,34,424,22,9,0,0,64,49,70,33,1514,137,474,91
11210,82,2022,1,7,1,6,85,9,873,9,7,2,0,33,51,57,4,1592,217,326,120
11210,115,2022,2,16,0,0,54,12,654,12,9,0,1,37,49,106,11,763,213,307,125
11210,130,2022,3,7,4,0,77,14,817,17,6,0,0,48,32,95,23,585,236,377,127
11210,130,2022,4,14,1,0,62,14,646,15,9,0,0,18,31,91,4,1157,212,361,120
11211,79,2022,1,13,2,9,61,30,1093,168,15,1,0,110,70,29,9,939,255,284,86
11211,97,2022,2,37,5,0,30,39,823,63,14,1,1,151,44,63,4,552,305,358,112
11211,84,2022,3,23,2,0,73,44,953,139,24,3,1,160,55,46,6,642,387,439,136
11211,114,2022,4,21,4,0,52,36,889,60,14,1,0,138,104,51,19,798,316,401,116
11212,384,2022,1,6,1,10,150,16,787,9,0,2,0,44,67,52,12,1879,635,793,364
11212,486,2022,2,4,1,0,111,26,682,29,3,0,1,66,45,59,5,819,687,939,417
11212,398,2022,3,6,4,0,131,23,874,49,5,0,0,95,40,45,3,741,682,915,471
11212,402,2022,4,9,0,0,149,19,808,34,0,0,0,71,58,58,15,2189,657,919,404
11213,160,2022,1,2,6,4,153,28,1039,10,1,0,0,138,64,22,10,2349,369,509,217
11213,228,2022,2,12,4,0,80,16,669,20,8,0,1,162,64,64,89,903,370,587,260
11213,165,2022,3,6,6,0,140,13,910,22,9,0,0,174,71,87,13,780,397,546,245
11213,158,2022,4,12,1,0,112,8,727,21,9,0,0,137,75,64,11,2549,340,478,275
11214,37,2022,1,5,1,9,37,33,1033,13,6,1,0,43,48,64,7,1287,208,349,144
11214,42,2022,2,18,1,0,17,31,547,27,11,2,0,42,48,95,2,486,257,435,163
11214,34,2022,3,10,2,0,27,35,662,39,3,0,0,57,40,62,2,390,297,451,140
11214,60,2022,4,12,2,0,33,16,473,29,11,2,0,25,40,76,9,1288,198,418,171
11215,68,2022,1,30,1,27,40,43,1567,34,9,0,0,130,110,67,7,1022,154,230,79
11215,86,2022,2,37,3,0,25,58,689,56,33,0,0,178,71,90,2,716,173,251,81
11215,79,2022,3,43,2,1,22,63,814,90,28,0,1,201,77,231,15,541,249,325,102
11215,74,2022,4,28,3,0,34,46,606,68,16,0,0,61,90,53,10,778,181,237,69
11216,154,2022,1,6,1,6,129,15,1397,28,9,0,0,164,109,38,6,1480,317,420,134
11216,159,2022,2,14,3,0,84,29,846,89,12,0,0,332,98,51,8,643,341,510,175
11216,133,2022,3,12,1,0,82,32,1026,105,14,2,1,295,85,61,3,649,339,473,192
11216,159,2022,4,12,3,0,85,27,704,44,15,0,0,168,68,50,4,1502,327,433,163
11217,63,2022,1,18,0,81,13,51,805,20,5,0,0,73,55,41,3,385,176,239,110
11217,93,2022,2,17,2,0,23,35,304,74,11,0,1,122,35,57,3,371,229,325,101
11217,84,2022,3,15,4,0,13,48,469,96,11,2,9,100,31,69,5,358,227,359,115
11217,86,2022,4,21,3,0,11,33,372,47,16,1,0,70,33,50,2,477,215,348,119
11218,37,2022,1,18,2,54,42,16,942,18,8,0,0,118,62,49,6,1492,127,192,55
11218,51,2022,2,20,4,0,40,18,563,26,9,1,2,152,69,56,2,503,108,191,59
11218,34,2022,3,16,2,1,49,30,737,27,26,0,1,132,69,121,3,456,166,249,81
11218,65,2022,4,21,4,0,55,17,607,22,13,0,0,74,54,73,4,1295,127,199,66
11219,41,2022,1,5,1,15,38,21,1275,5,1,0,0,46,38,62,3,584,197,291,68
11219,43,2022,2,13,1,0,20,20,749,9,4,0,0,74,29,73,6,349,218,319,88
11219,41,2022,3,20,1,0,41,26,740,12,4,0,0,77,37,60,5,415,223,397,93
11219,59,2022,4,14,2,0,18,9,804,5,11,0,0,37,20,51,2,920,180,278,83
11220,117,2022,1,11,1,18,44,39,755,19,2,0,0,74,64,56,10,1382,432,544,104
11220,138,2022,2,15,2,0,50,45,655,45,7,0,1,128,49,47,10,654,386,584,119
11220,101,2022,3,16,1,0,65,60,707,55,13,1,0,172,70,88,10,620,467,546,122
11220,126,2022,4,18,3,0,76,37,524,45,3,0,0,88,61,43,7,1177,367,568,117
11221,233,2022,1,20,2,9,100,27,1565,18,12,1,0,190,118,86,12,1527,459,584,248
11221,274,2022,2,27,3,0,108,26,876,40,10,0,1,287,115,79,3,1079,533,629,266
11221,223,2022,3,24,5,0,92,19,1179,36,14,1,4,274,100,163,7,1054,566,737,270
11221,278,2022,4,20,2,0,124,18,816,11,12,0,0,158,94,86,10,1741,475,568,272
11222,26,2022,1,27,9,17,26,26,991,20,13,0,0,69,74,36,80,619,217,250,82
11222,32,2022,2,39,4,0,25,57,556,50,27,2,1,98,61,43,1,412,243,297,115
11222,38,2022,3,39,5,0,35,39,649,45,21,2,2,135,45,38,1,415,277,255,102
11222,38,2022,4,23,8,0,24,42,649,25,21,2,0,89,59,40,6,744,204,244,123
11223,62,2022,1,5,2,42,40,21,740,9,2,0,0,19,35,82,8,898,240,416,115
11223,63,2022,2,6,3,0,37,15,410,42,6,1,0,42,37,88,3,391,249,425,109
11223,56,2022,3,11,2,0,37,17,565,19,3,1,0,39,37,76,2,362,249,493,113
11223,55,2022,4,3,3,0,21,22,483,8,9,0,0,28,33,59,8,843,246,410,124
11224,136,2022,1,0,4,21,36,6,219,8,3,0,0,24,19,22,6,354,340,544,161
11224,137,2022,2,3,2,0,16,24,177,23,2,0,0,16,13,31,4,140,379,557,206
11224,128,2022,3,1,0,0,41,32,282,14,4,1,1,36,16,20,2,164,457,632,211
11224,130,2022,4,6,2,0,26,8,208,14,1,0,0,21,10,52,5,404,349,475,202
11225,128,2022,1,12,0,7,94,17,819,64,4,0,0,133,75,40,24,2955,305,448,184
11225,159,2022,2,18,4,0,70,22,596,41,2,0,0,161,58,46,21,994,235,439,203
11225,139,2022,3,19,1,0,111,31,722,30,18,0,0,115,83,62,4,610,258,390,190
11225,122,2022,4,22,7,0,134,18,664,19,18,0,0,120,72,41,22,2693,232,398,163
11226,262,2022,1,16,4,6,231,26,1385,33,5,0,0,185,112,56,37,4713,545,636,256
11226,293,2022,2,18,9,0,202,43,1229,41,7,1,2,294,106,82,68,1997,509,705,242
11226,259,2022,3,19,4,0,240,47,1652,51,13,0,2,314,118,85,33,1358,533,681,338
11226,308,2022,4,17,5,0,294,26,1419,34,12,0,0,159,119,35,67,4732,494,740,291
11228,14,2022,1,2,1,10,6,5,642,9,1,0,0,16,16,33,0,244,86,139,40
11228,8,2022,2,3,1,0,14,8,263,3,0,0,1,45,17,38,1,211,107,176,42
11228,15,2022,3,11,3,0,16,6,315,3,5,3,0,44,7,81,1,202,123,186,51
11228,19,2022,4,10,1,0,12,1,315,1,2,1,0,31,13,66,1,451,93,170,32
11229,44,2022,1,3,2,31,50,16,863,5,0,0,0,38,49,82,8,1077,210,267,90
11229,56,2022,2,6,1,0,21,19,486,20,2,0,0,41,19,102,5,420,229,327,92
11229,53,2022,3,11,0,0,22,28,623,25,11,0,2,41,28,89,3,385,287,436,103
11229,64,2022,4,6,1,0,31,22,550,8,5,1,0,24,26,112,1,1006,240,349,90
11230,36,2022,1,12,4,43,98,32,937,8,3,1,0,49,101,63,5,1650,229,264,71
11230,59,2022,2,12,2,0,73,20,894,20,7,0,3,91,68,83,4,668,185,309,86
11230,51,2022,3,8,2,0,70,15,991,38,11,2,5,97,61,68,1,507,194,280,87
11230,58,2022,4,10,4,0,72,14,862,16,5,0,0,62,52,58,6,1790,167,289,69
11231,73,2022,1,13,0,13,30,11,793,3,6,0,0,39,45,42,2,389,169,252,62
11231,104,2022,2,27,4,0,13,14,368,22,13,0,1,74,26,53,2,876,179,323,71
11231,93,2022,3,34,4,0,15,32,371,27,10,0,4,88,36,72,2,211,239,354,83
11231,98,2022,4,18,1,0,10,19,366,16,3,0,0,52,33,49,0,359,202,282,87
11232,NULL,2022,1,12,0,5,10,9,339,6,1,0,0,31,21,24,1,423,190,192,46
11232,NULL,2022,2,19,0,0,9,13,226,17,1,0,0,66,19,20,1,182,158,212,57
11232,NULL,2022,3,15,0,0,17,11,303,21,1,0,1,43,18,51,0,197,142,174,58
11232,NULL,2022,4,19,2,0,20,15,209,5,3,0,0,20,11,17,1,408,112,151,52
11233,261,2022,1,7,5,4,135,11,1126,14,6,0,0,108,87,41,4,1592,431,532,255
11233,307,2022,2,5,5,0,100,23,886,26,1,1,3,143,49,74,4,691,434,627,285
11233,285,2022,3,12,0,0,103,25,1072,38,5,1,3,192,70,182,1,652,479,710,315
11233,289,2022,4,12,2,0,124,7,775,9,6,1,0,117,69,97,4,1530,442,615,295
11234,96,2022,1,11,0,23,41,9,1055,1,6,1,0,44,28,148,2,778,308,402,153
11234,118,2022,2,10,0,0,17,19,522,6,5,0,0,48,19,183,1,361,282,458,194
11234,79,2022,3,10,1,0,25,23,572,14,5,0,2,58,20,168,0,413,435,589,224
11234,113,2022,4,8,5,0,57,13,533,11,6,1,0,34,29,188,1,711,380,642,204
11235,31,2022,1,4,0,34,37,20,694,11,7,0,0,66,37,72,9,1177,314,364,97
11235,39,2022,2,17,3,0,36,34,513,19,5,1,4,110,46,102,11,458,310,401,150
11235,59,2022,3,21,0,0,37,53,695,24,5,0,3,104,49,97,14,590,371,487,168
11235,64,2022,4,10,0,0,50,25,548,20,4,2,0,70,56,148,14,998,328,394,148
11236,242,2022,1,11,1,5,84,15,1108,1,1,0,0,41,48,125,3,978,430,488,237
11236,273,2022,2,6,1,0,87,22,701,6,0,0,2,72,27,182,1,806,397,543,260
11236,208,2022,3,7,0,0,47,26,790,3,1,0,4,71,35,115,7,760,381,579,253
11236,266,2022,4,4,2,0,60,15,831,11,3,1,2,39,34,174,10,1666,342,563,226
11237,87,2022,1,11,2,17,79,41,1067,20,7,1,0,239,78,34,7,861,314,403,109
11237,82,2022,2,13,1,0,65,56,549,35,5,2,0,290,51,44,1,477,356,448,127
11237,97,2022,3,14,2,0,73,56,656,40,9,2,1,213,67,71,2,705,398,440,129
11237,105,2022,4,15,1,0,95,50,540,21,13,0,0,118,61,42,10,993,370,434,126
11238,83,2022,1,40,5,8,42,21,1227,21,7,0,0,166,83,36,2,1070,152,217,109
11238,121,2022,2,26,5,0,41,41,594,66,11,1,1,217,55,46,4,540,181,299,106
11238,104,2022,3,40,7,0,78,34,759,83,23,1,1,222,102,89,4,554,228,286,129
11238,140,2022,4,29,6,0,65,20,538,30,18,0,0,131,62,51,5,1272,179,286,94
11239,NULL,2022,1,0,0,3,26,6,93,1,0,0,0,4,19,2,2,328,145,293,57
11239,NULL,2022,2,0,0,0,10,4,84,0,0,0,4,14,1,6,3,71,143,338,53
11239,NULL,2022,3,0,0,0,9,7,95,0,0,0,1,12,3,10,1,87,173,318,54
11239,NULL,2022,4,3,0,0,5,11,63,4,0,0,0,2,5,1,1,294,182,317,57
11241,NULL,2022,1,0,0,0,0,0,0,0,0,0,0,0,0,1,0,1,NULL,NULL,NULL
11241,NULL,2022,4,0,0,0,0,0,0,0,0,0,0,0,0,1,0,1,NULL,NULL,NULL
11242,NULL,2022,3,0,0,0,0,0,0,1,0,0,0,0,0,0,0,0,NULL,NULL,NULL
11249,NULL,2022,1,18,1,14,20,12,364,2,11,0,0,43,23,20,10,359,120,201,58
11249,NULL,2022,2,34,6,0,46,30,247,2,10,0,0,55,15,23,3,222,141,221,52
11249,NULL,2022,3,12,2,0,41,25,283,18,16,1,0,92,20,35,3,341,209,231,62
11249,NULL,2022,4,13,2,0,35,23,227,7,10,1,0,51,25,24,1,359,176,226,47
11354,22,2022,1,8,0,24,18,40,426,10,2,0,0,24,37,33,4,416,293,520,87
11354,38,2022,2,4,0,0,16,37,229,26,2,0,0,38,30,47,5,183,354,649,122
11354,47,2022,3,11,0,0,21,71,298,41,1,0,0,37,57,107,6,226,377,558,103
11354,51,2022,4,7,2,0,17,54,251,91,6,1,0,11,48,60,6,517,369,550,108
11355,39,2022,1,2,1,9,25,76,475,4,5,0,0,35,36,34,7,1041,222,271,84
11355,55,2022,2,6,3,0,28,91,292,8,6,0,0,54,30,51,8,484,288,260,93
11355,58,2022,3,15,2,0,42,203,488,23,3,0,2,49,30,131,2,436,307,286,108
11355,51,2022,4,4,0,0,25,107,295,19,5,1,0,73,21,55,5,1173,276,299,101
11356,NULL,2022,1,1,1,12,15,7,474,1,1,0,0,7,19,35,1,201,75,77,58
11356,NULL,2022,2,2,1,0,6,4,167,6,1,0,2,10,7,39,1,151,83,100,55
11356,NULL,2022,3,5,1,2,9,8,220,10,0,1,1,10,13,56,0,138,79,105,58
11356,NULL,2022,4,2,0,0,13,5,155,6,2,0,0,4,12,39,1,207,93,92,49
11357,55,2022,1,0,2,15,4,7,633,2,4,0,0,13,9,57,3,141,110,271,46
11357,59,2022,2,3,2,1,2,9,257,5,8,0,0,26,12,92,8,194,106,211,46
11357,42,2022,3,5,2,0,5,6,285,8,7,0,4,44,18,290,1,182,121,171,52
11357,58,2022,4,5,2,0,12,7,308,1,7,1,0,21,8,96,2,320,136,161,29
11358,11,2022,1,3,1,13,9,5,705,3,2,0,0,8,10,70,1,276,109,95,47
11358,24,2022,2,3,1,0,5,19,237,7,8,0,0,22,8,77,7,180,106,121,39
11358,11,2022,3,3,1,0,8,4,276,9,5,0,1,16,12,320,5,139,111,104,42
11358,21,2022,4,7,1,0,13,16,255,2,3,0,0,16,11,71,5,516,130,103,49
11359,NULL,2022,2,0,0,0,0,2,0,0,0,0,0,0,0,0,0,0,0,2,1
11359,NULL,2022,3,0,0,0,0,0,1,0,0,0,0,0,0,0,0,0,NULL,NULL,NULL
11360,NULL,2022,1,1,0,10,1,1,160,1,2,0,0,0,3,10,0,54,42,39,13
11360,NULL,2022,2,2,0,0,1,3,59,0,0,0,1,3,5,29,0,104,27,36,12
11360,NULL,2022,3,3,0,0,1,7,58,0,2,0,0,2,5,50,0,35,45,32,20
11360,NULL,2022,4,0,0,0,2,2,44,1,2,0,0,4,5,27,3,172,52,37,17
11361,15,2022,1,6,0,22,13,7,600,3,6,0,0,10,6,43,0,183,127,116,32
11361,8,2022,2,16,0,0,4,12,173,4,1,0,1,10,8,66,0,130,129,142,42
11361,9,2022,3,4,1,0,12,4,222,3,3,0,2,35,18,123,1,140,133,110,46
11361,22,2022,4,8,2,0,13,19,215,6,4,0,0,17,9,60,3,280,128,130,35
11362,NULL,2022,1,1,0,5,0,6,254,2,1,0,0,0,2,53,1,99,44,52,16
11362,NULL,2022,2,2,3,0,2,6,71,0,0,0,0,2,6,28,0,50,57,53,23
11362,NULL,2022,3,4,0,0,3,2,79,1,3,1,3,2,7,28,0,80,69,61,15
11362,NULL,2022,4,4,1,0,2,5,68,2,2,0,0,2,6,33,0,60,72,65,18
11363,NULL,2022,1,0,0,0,0,0,109,1,0,0,0,1,2,20,0,72,17,10,7
11363,NULL,2022,2,1,0,0,0,2,50,0,2,0,0,1,2,32,0,26,20,21,15
11363,NULL,2022,3,1,0,0,2,0,45,1,3,0,0,3,2,17,0,28,31,18,17
11363,NULL,2022,4,1,0,0,1,0,57,0,3,0,0,3,1,7,0,55,21,16,5
11364,7,2022,1,2,0,3,12,5,457,0,6,0,0,3,17,62,5,373,103,93,39
11364,10,2022,2,6,5,0,3,3,130,5,14,0,0,9,5,69,3,131,90,103,34
11364,8,2022,3,2,1,0,6,6,153,8,3,0,4,14,5,55,5,164,131,115,38
11364,11,2022,4,6,1,0,3,7,160,1,0,0,0,8,6,59,8,315,150,130,35
11365,46,2022,1,2,2,5,23,10,480,7,0,1,0,3,12,57,10,444,136,159,45
11365,48,2022,2,4,0,0,6,7,200,12,2,0,0,9,10,58,13,227,132,175,82
11365,54,2022,3,11,3,0,17,5,267,13,9,0,1,21,16,111,12,197,133,196,85
11365,54,2022,4,1,0,0,9,10,176,20,2,0,0,3,10,59,12,204,167,187,85
11366,NULL,2022,1,341,0,23,4,9,224,0,0,0,0,2,1,30,0,87,43,60,27
11366,NULL,2022,2,406,0,163,2,9,128,1,1,0,0,8,6,31,0,78,42,51,12
11366,NULL,2022,3,268,0,0,1,8,119,3,0,0,1,9,1,48,0,64,47,68,21
11366,NULL,2022,4,489,1,0,7,8,99,1,1,0,0,5,3,29,0,93,44,68,12
11367,47,2022,1,4,2,25,16,9,473,1,5,0,0,21,27,35,3,510,85,151,64
11367,47,2022,2,6,2,0,24,5,340,2,6,0,1,42,31,45,0,339,95,191,56
11367,45,2022,3,5,0,0,68,4,450,7,2,0,4,20,51,63,4,407,97,183,59
11367,57,2022,4,16,0,0,34,5,310,2,2,0,1,15,14,38,3,442,115,208,67
11368,132,2022,1,21,5,7,29,35,560,14,3,0,0,47,54,28,2,1066,360,570,169
11368,153,2022,2,21,0,0,36,42,417,17,1,0,0,108,33,80,0,500,405,654,175
11368,112,2022,3,16,3,0,66,56,495,20,0,1,1,65,37,103,3,613,589,682,206
11368,141,2022,4,10,0,0,23,44,450,20,0,0,0,49,27,49,11,852,433,627,204
11369,31,2022,1,1,0,2,14,6,303,4,2,0,0,20,16,26,0,365,253,392,98
11369,50,2022,2,7,0,0,13,8,264,3,1,0,0,35,12,41,0,216,251,419,122
11369,41,2022,3,12,1,0,15,9,271,10,1,1,0,32,17,87,2,209,179,346,93
11369,44,2022,4,4,0,0,11,10,278,5,1,0,0,8,2,37,3,269,187,363,67
11370,21,2022,1,1,0,3,13,3,290,1,2,0,0,10,7,21,0,130,89,144,32
11370,18,2022,2,3,0,0,4,2,146,5,0,0,0,15,8,28,0,103,93,207,41
11370,10,2022,3,8,0,0,4,10,149,1,0,1,0,17,4,54,1,101,126,261,42
11370,31,2022,4,4,2,0,11,10,177,5,0,0,0,14,3,35,0,146,95,224,28
11372,36,2022,1,6,1,15,26,40,381,12,6,0,0,35,44,23,33,893,219,318,86
11372,41,2022,2,12,0,0,17,66,292,36,6,0,1,57,38,47,2,220,238,406,110
11372,47,2022,3,13,1,0,39,66,310,30,5,0,1,48,29,72,6,244,291,368,105
11372,45,2022,4,27,1,0,26,71,332,36,4,0,0,33,31,41,6,928,253,390,107
11373,68,2022,1,3,1,13,34,49,628,31,4,0,0,34,70,50,3,1221,436,794,174
11373,74,2022,2,4,2,0,19,32,392,41,1,0,1,63,34,59,1,431,532,857,186
11373,53,2022,3,10,2,0,46,29,413,69,5,1,2,62,38,107,2,397,524,872,192
11373,46,2022,4,7,4,0,45,37,422,24,2,0,0,46,47,44,4,1190,495,919,173
11374,16,2022,1,3,5,12,14,14,260,5,2,2,0,13,23,27,6,523,62,107,30
11374,29,2022,2,3,4,0,4,11,143,7,6,0,1,43,15,38,4,171,72,101,45
11374,35,2022,3,14,5,0,23,23,221,11,14,0,4,55,25,108,1,174,76,130,66
11374,27,2022,4,6,1,0,17,17,157,12,4,0,0,32,10,43,4,660,73,159,35
11375,18,2022,1,38,8,24,17,37,579,29,1,0,0,30,42,48,4,1006,194,528,67
11375,34,2022,2,56,5,0,17,29,357,85,6,0,2,41,53,49,2,392,218,462,117
11375,29,2022,3,24,3,0,25,52,361,68,8,0,1,88,47,124,4,331,196,502,95
11375,27,2022,4,30,5,0,24,30,367,27,8,0,0,47,35,66,4,930,152,474,77
11377,53,2022,1,12,1,17,21,19,605,20,2,0,0,74,54,53,2,933,246,333,109
11377,65,2022,2,18,5,0,28,21,370,57,2,0,0,91,46,85,5,406,250,407,146
11377,55,2022,3,15,3,0,35,32,478,81,3,1,4,110,34,235,5,367,326,497,130
11377,57,2022,4,17,3,0,24,14,380,63,5,0,0,74,27,55,7,892,303,482,139
11378,34,2022,1,6,4,12,5,8,544,2,5,0,0,17,18,58,0,220,108,149,60
11378,16,2022,2,12,3,0,11,3,224,6,4,0,0,42,14,88,3,167,137,217,69
11378,11,2022,3,8,2,0,9,16,214,9,2,1,2,63,18,183,2,161,168,242,67
11378,20,2022,4,6,0,0,10,7,257,10,2,0,0,16,7,88,3,313,182,187,51
11379,21,2022,1,3,0,14,6,4,534,1,0,0,0,23,23,77,5,331,67,106,37
11379,13,2022,2,8,4,0,11,6,159,0,3,0,1,51,17,91,2,187,78,107,49
11379,10,2022,3,7,0,0,20,11,225,4,1,1,2,65,19,248,0,176,101,142,36
11379,24,2022,4,8,0,0,11,6,243,3,5,0,0,20,31,86,2,402,66,93,20
11385,79,2022,1,40,2,25,46,18,1612,12,8,1,0,145,113,100,12,933,336,499,161
11385,95,2022,2,23,3,0,59,39,638,25,19,1,1,183,92,132,7,605,431,594,159
11385,100,2022,3,25,3,0,77,36,765,42,11,1,1,245,73,237,2,557,410,545,165
11385,144,2022,4,24,3,0,73,37,893,22,15,0,0,183,107,128,6,1077,390,585,139
11411,NULL,2022,1,2,1,0,9,5,307,1,0,0,0,4,3,42,0,126,44,93,25
11411,NULL,2022,2,7,0,0,8,6,146,2,0,0,0,9,2,65,0,113,57,86,39
11411,NULL,2022,3,1,0,0,7,2,146,2,2,0,1,14,4,65,0,80,56,103,54
11411,NULL,2022,4,0,0,0,16,1,153,4,0,0,0,6,6,63,0,125,55,112,44
11412,50,2022,1,4,1,0,35,5,623,5,0,0,0,14,30,79,0,288,222,353,76
11412,56,2022,2,0,2,0,15,6,406,4,1,0,0,31,10,94,0,147,245,363,78
11412,53,2022,3,0,1,0,31,5,489,7,0,0,3,26,18,95,1,187,201,350,87
11412,63,2022,4,3,2,0,24,5,410,14,0,0,0,15,15,81,1,295,192,355,77
11413,78,2022,1,6,1,3,20,3,617,1,1,1,0,13,12,115,0,354,129,166,59
11413,97,2022,2,3,1,0,7,5,281,3,1,0,0,22,6,118,0,173,123,195,100
11413,96,2022,3,9,2,0,16,6,349,3,0,0,8,32,13,95,0,174,191,218,104
11413,112,2022,4,3,0,0,32,5,366,4,0,0,0,9,7,123,1,372,156,242,86
11414,NULL,2022,1,1,0,46,5,5,449,2,1,0,0,14,7,68,0,192,75,67,31
11414,NULL,2022,2,5,4,0,7,6,192,4,1,0,0,21,3,72,1,107,87,89,49
11414,NULL,2022,3,2,0,1,14,12,199,9,3,0,0,16,7,72,0,129,88,103,46
11414,NULL,2022,4,5,0,0,6,13,162,9,2,0,0,12,8,81,4,133,73,95,34
11415,NULL,2022,1,1,0,4,6,2,166,0,2,0,0,4,12,8,2,290,52,101,21
11415,NULL,2022,2,2,1,0,13,5,97,5,1,0,0,12,16,16,1,135,72,118,34
11415,NULL,2022,3,1,0,0,11,3,123,7,2,0,0,10,7,41,1,92,68,152,32
11415,NULL,2022,4,1,2,0,17,5,125,6,1,0,0,8,11,10,2,415,76,125,40
11416,NULL,2022,1,3,0,4,12,6,342,4,1,2,0,16,22,28,1,251,74,139,60
11416,NULL,2022,2,7,0,0,21,10,139,8,2,1,2,26,15,44,0,138,89,149,71
11416,NULL,2022,3,3,0,0,16,9,160,6,0,0,4,28,10,28,0,136,100,152,59
11416,NULL,2022,4,0,0,0,8,8,184,15,2,0,0,12,12,34,0,212,115,144,64
11417,38,2022,1,7,0,7,9,12,545,3,0,1,0,26,16,39,0,198,237,288,67
11417,47,2022,2,7,1,0,22,8,293,2,2,0,0,42,16,80,1,158,192,307,87
11417,47,2022,3,5,1,0,14,9,290,4,2,0,2,37,7,72,1,127,159,236,96
11417,47,2022,4,5,0,0,28,12,318,5,2,0,0,22,13,65,1,243,140,230,72
11418,71,2022,1,6,1,6,45,5,409,9,0,0,0,11,22,18,4,442,162,256,86
11418,76,2022,2,5,2,0,18,7,276,9,3,0,0,34,24,37,4,160,166,318,89
11418,82,2022,3,7,0,0,45,10,330,22,0,0,2,37,25,34,2,191,164,261,62
11418,113,2022,4,5,1,0,27,9,270,16,0,0,0,16,16,35,3,333,162,244,71
11419,37,2022,1,6,1,9,40,21,645,0,0,0,0,16,23,52,1,415,159,221,91
11419,63,2022,2,11,2,0,25,28,275,12,4,0,1,23,18,89,1,214,202,340,115
11419,44,2022,3,10,5,0,24,33,339,7,4,1,1,22,14,66,1,265,259,407,116
11419,60,2022,4,3,2,0,27,18,355,6,1,0,0,31,17,62,1,494,210,323,109
11420,60,2022,1,1,1,3,32,14,732,7,0,0,0,25,14,78,0,466,191,259,79
11420,54,2022,2,7,1,0,30,14,394,10,3,0,1,33,9,107,1,310,188,293,124
11420,51,2022,3,19,5,0,29,27,464,10,12,1,3,57,22,165,0,302,225,329,110
11420,51,2022,4,5,1,0,43,10,439,4,9,0,0,19,31,116,0,522,196,253,110
11421,37,2022,1,1,0,2,22,7,431,1,2,0,0,13,22,53,4,266,90,200,42
11421,48,2022,2,4,0,0,12,8,175,8,0,0,1,13,29,58,2,177,103,216,61
11421,36,2022,3,1,2,0,31,6,257,10,0,0,0,19,18,60,1,204,117,236,67
11421,54,2022,4,2,2,0,38,7,232,17,0,0,0,11,17,43,2,577,92,222,60
11422,14,2022,1,5,2,5,18,17,436,1,0,0,0,6,6,84,1,203,113,165,51
11422,26,2022,2,2,0,0,8,11,211,7,1,0,0,6,17,93,0,173,130,195,81
11422,33,2022,3,1,0,0,17,20,208,10,2,0,2,10,16,92,1,163,138,218,95
11422,34,2022,4,0,1,0,28,8,230,1,1,0,0,5,9,84,0,259,123,212,82
11423,NULL,2022,1,2,0,0,10,3,368,2,1,0,0,9,11,52,3,464,114,111,45
11423,NULL,2022,2,5,0,0,16,9,256,5,0,0,0,11,3,59,0,161,104,139,46
11423,NULL,2022,3,6,1,0,19,1,319,13,0,0,1,17,10,86,2,160,136,151,57
11423,NULL,2022,4,7,0,0,16,0,303,6,0,0,0,2,9,50,4,326,134,150,39
11426,12,2022,1,2,0,3,7,1,200,1,3,0,0,3,7,34,0,70,30,36,15
11426,15,2022,2,2,0,0,3,3,73,2,2,0,0,10,4,53,0,52,38,66,41
11426,10,2022,3,8,1,0,10,6,114,1,0,1,1,18,1,41,0,77,51,71,23
11426,30,2022,4,2,0,0,9,1,109,2,1,1,0,6,5,52,2,68,41,50,22
11427,40,2022,1,1,0,5,9,2,212,0,0,0,0,17,4,68,3,204,76,100,49
11427,62,2022,2,2,0,0,5,1,86,3,0,0,0,14,4,49,0,127,94,167,52
11427,33,2022,3,5,1,0,2,4,135,2,1,0,1,15,6,39,0,97,103,130,45
11427,54,2022,4,3,0,0,11,3,133,0,0,0,0,3,5,49,0,209,98,138,51
11428,NULL,2022,1,1,0,1,17,4,192,1,4,0,0,5,10,30,0,206,126,224,62
11428,NULL,2022,2,2,2,0,11,7,91,1,4,1,0,5,9,66,3,103,114,211,53
11428,NULL,2022,3,2,1,0,13,11,132,2,1,0,2,10,5,55,0,73,76,129,37
11428,NULL,2022,4,1,0,0,23,5,138,1,0,0,0,2,7,40,0,109,83,150,49
11429,NULL,2022,1,3,1,0,28,5,338,1,1,0,0,15,10,47,3,167,84,132,46
11429,NULL,2022,2,5,0,0,8,2,190,4,1,0,0,16,9,58,0,118,74,131,59
11429,NULL,2022,3,3,0,0,13,3,192,14,1,0,0,13,10,55,0,97,94,157,69
11429,NULL,2022,4,1,2,0,21,2,198,0,0,0,0,12,4,43,0,114,74,141,61
11430,NULL,2022,1,0,0,5,0,3,4,3,0,0,0,0,0,0,0,1,1,3,2
11430,NULL,2022,2,0,1,0,0,4,1,0,0,1,0,1,0,1,0,0,3,6,0
11430,NULL,2022,3,0,0,0,0,2,2,1,0,0,0,0,0,3,0,0,1,10,1
11430,NULL,2022,4,1,0,0,0,3,1,0,0,0,0,0,0,3,0,0,2,2,0
11432,117,2022,1,4,0,8,27,33,665,17,1,0,0,32,57,72,4,972,394,633,110
11432,145,2022,2,3,0,0,29,31,475,19,4,0,1,34,68,105,3,567,457,720,136
11432,103,2022,3,4,2,0,47,37,664,48,2,0,0,35,32,84,2,354,347,622,110
11432,147,2022,4,5,2,0,32,38,418,74,2,0,0,19,30,92,8,1015,308,523,98
11433,73,2022,1,3,0,2,29,2,470,8,1,0,0,20,23,89,2,441,228,295,92
11433,83,2022,2,2,0,0,22,9,389,9,7,0,2,40,7,104,1,260,207,321,99
11433,70,2022,3,7,0,0,21,8,412,20,1,0,1,26,16,83,0,204,294,369,115
11433,91,2022,4,4,2,0,33,4,372,9,0,0,0,27,13,106,1,401,214,411,120
11434,135,2022,1,6,2,7,40,10,845,7,1,0,0,23,30,142,0,553,279,373,125
11434,137,2022,2,5,1,0,22,17,519,4,4,0,2,37,13,169,2,307,288,405,167
11434,147,2022,3,13,5,0,42,16,588,14,16,0,2,30,20,137,0,268,329,521,176
11434,169,2022,4,6,2,0,85,6,546,8,14,0,0,19,17,128,3,613,255,485,148
11435,72,2022,1,2,0,7,45,19,646,11,3,0,0,42,36,83,3,642,273,338,104
11435,102,2022,2,15,3,0,17,28,495,24,3,0,0,68,27,92,4,302,349,457,132
11435,84,2022,3,6,5,0,48,17,629,40,3,2,1,77,25,72,2,304,455,526,141
11435,94,2022,4,6,1,0,26,14,488,10,1,1,0,42,41,58,3,678,378,572,128
11436,NULL,2022,1,8,1,0,9,2,283,1,0,0,0,12,6,50,0,166,73,84,59
11436,NULL,2022,2,4,3,0,6,14,217,0,0,0,0,20,3,62,0,115,95,130,62
11436,NULL,2022,3,2,0,0,8,3,232,2,1,0,0,36,2,40,1,98,114,140,72
11436,NULL,2022,4,0,1,0,10,0,172,3,0,0,0,7,0,34,0,190,78,137,47
11691,268,2022,1,9,4,4,65,9,817,9,1,0,0,30,36,110,3,1082,275,343,193
11691,330,2022,2,4,4,0,44,5,568,9,2,0,2,33,20,82,4,405,290,471,242
11691,284,2022,3,2,1,0,76,9,660,11,0,0,2,55,27,69,3,386,285,481,231
11691,483,2022,4,4,2,0,97,5,585,6,0,0,0,14,33,149,3,1243,230,387,229
11692,NULL,2022,1,1,0,3,14,1,241,0,0,0,0,8,7,38,0,275,68,90,59
11692,NULL,2022,2,1,0,0,21,1,129,2,0,2,5,7,9,35,0,144,85,139,75
11692,NULL,2022,3,3,0,0,35,3,203,2,1,0,6,6,7,18,1,147,121,146,84
11692,NULL,2022,4,0,0,0,36,3,221,1,1,0,0,13,16,98,2,373,68,141,71
11693,38,2022,1,5,1,2,10,1,96,3,0,0,0,3,2,34,0,126,63,178,48
11693,33,2022,2,2,0,0,1,4,85,1,1,0,1,4,2,39,0,72,105,209,55
11693,25,2022,3,4,0,0,7,14,107,2,1,0,2,2,6,30,0,74,113,173,73
11693,86,2022,4,0,0,0,4,5,92,8,0,1,0,4,3,36,1,140,85,169,33
11694,NULL,2022,1,8,2,10,31,3,201,0,1,0,1,6,26,38,0,222,41,70,50
11694,NULL,2022,2,14,14,0,11,11,132,6,4,0,1,5,9,48,0,234,63,106,58
11694,NULL,2022,3,4,2,0,20,11,142,13,2,0,0,7,5,30,1,156,65,109,50
11694,NULL,2022,4,2,1,0,17,3,109,4,0,1,0,6,3,51,1,246,50,85,38
11695,NULL,2022,2,0,0,0,0,1,0,0,0,0,0,0,0,0,0,0,NULL,NULL,NULL
11697,NULL,2022,1,0,0,0,0,0,1,0,0,0,0,0,1,0,0,1,6,3,1
11697,NULL,2022,2,0,0,0,0,0,3,0,0,0,0,0,1,2,0,3,3,9,2
11697,NULL,2022,3,0,0,0,3,1,8,0,0,0,0,0,0,0,0,8,5,3,3
11697,NULL,2022,4,0,0,0,0,0,1,0,0,0,0,0,0,0,0,0,2,4,0
12345,NULL,2022,1,0,0,0,0,0,0,0,0,0,0,1,0,0,0,2,NULL,NULL,NULL
12345,NULL,2022,2,0,0,0,0,0,8,0,0,0,0,0,0,0,0,3,NULL,NULL,NULL
12345,NULL,2022,3,0,0,0,0,0,4,1,0,0,0,0,0,0,0,2,NULL,NULL,NULL
12345,NULL,2022,4,0,0,0,1,0,6,0,0,0,0,0,0,0,0,2,NULL,NULL,NULL
